0.2939,-0.0011,0.609,-0.3732,0,1
-0.3184,1.5394,3.1126,0.6961,0,1
2.0749,1.6049,-1.2145,-0.1283,0,1
-0.3679,-0.3533,-0.6236,-1.639,0,1
1.6976,1.8338,1.7053,-2.3493,0,1
1.0349,1.4719,1.4926,-1.7989,0,1
-0.5636,0.8207,1.3098,-0.4865,0,1
-0.3783,0.4573,1.9488,-2.3414,0,1
0.6241,0.5562,-0.5593,-3.3775,0,1
0.1112,0.7396,2.7826,-1.5112,0,1
1.5564,0.8277,-0.1221,-0.7319,0,1
0.5125,1.0698,0.7192,-1.5571,0,1
2.0382,0.3428,1.9445,-3.4443,0,1
-0.3703,0.286,-1.6936,-1.2714,0,1
-2.429,0.9784,1.2981,-0.6823,0,1
0.1675,1.5587,-1.2579,-0.1147,0,1
0.1354,1.485,0.9737,-1.6129,0,1
-1.9176,1.2311,0.2598,-0.6484,0,1
-2.5309,-0.726,1.6007,-1.0524,0,1
1.8632,3.5202,1.7809,-0.965,0,1
-1.0654,0.1784,3.0352,-0.3606,0,1
-0.9542,0.9132,1.6938,-1.1374,0,1
-0.4348,1.8949,-4.3004,-1.55,0,1
-1.1884,-0.609,-1.3622,-2.0263,0,1
0.4579,0.5778,0.9742,-0.1796,0,1
1.4627,1.7287,-1.2667,-0.4458,0,1
0.1532,-0.2904,-2.7485,-1.6202,0,1
0.2237,1.4796,1.6913,-1.7707,0,1
0.1145,0.105,0.8652,0.17,0,1
-2.1033,1.146,1.5566,-1.4507,0,1
-0.2961,0.4545,0.6756,-2.2473,0,1
-3.6599,-0.1255,-0.793,-0.7077,0,1
0.4938,2.7571,-1.1687,-3.6695,0,1
-1.7285,1.4133,1.161,1.0329,0,1
-2.1708,-0.3041,0.0484,-3.8728,0,1
-0.4296,1.6914,3.615,-3.0533,0,1
0.3777,0.8045,1.7852,-0.1539,0,1
-1.2427,1.9576,-0.3195,-0.0351,0,1
0.0236,0.8182,1.5401,0.5904,0,1
-2.9373,1.0355,-1.012,0.1826,0,1
-1.293,1.4385,-1.314,-1.9605,0,1
-1.4479,0.4937,-1.3161,-2.4069,0,1
0.5256,0.3752,0.5212,-0.2389,0,1
-1.6854,0.6127,0.0718,-1.3684,0,1
1.0648,2.4994,0.7322,0.5667,0,1
-0.8338,1.4685,1.8183,-1.3116,0,1
0.1877,1.4062,0.0288,-0.6637,0,1
-2.448,1.1352,-1.4494,-1.1316,0,1
-2.0438,1.4073,1.3621,0.5741,0,1
0.3221,2.5422,-2.0968,0.5545,0,1
-1.1352,1.207,0.3736,-0.6436,0,1
0.7926,1.5827,0.1898,0.8024,0,1
2.4056,2.6894,1.1437,-0.5794,0,1
1.0789,2.5095,-2.1453,-1.103,0,1
-0.9349,2.4336,0.8547,-1.9736,0,1
3.4759,0.9486,-1.782,-0.3551,0,1
0.3813,1.2944,-1.0282,-3.5267,0,1
-1.1219,0.215,-0.348,-0.4411,0,1
-2.5998,0.1484,-0.6632,0.4499,0,1
-0.0003,0.8504,1.3258,-1.9646,0,1
-0.2506,1.4692,-1.082,-0.8698,0,1
1.1939,2.0148,-0.8616,0.88,0,1
-1.0572,2.0121,-0.913,-1.0954,0,1
-1.6232,-0.0045,-0.0541,-1.7233,0,1
-0.3357,0.1109,2.3094,1.1805,0,1
1.3524,1.3182,-0.6665,-1.3105,0,1
1.8148,0.6355,-0.3337,-0.1375,0,1
-1.7729,1.5183,-1.2944,-0.6934,0,1
-5.3544,1.477,0.9284,-0.3033,0,1
-1.2155,0.2089,3.6158,-0.716,0,1
0.4959,-0.2641,0.4267,-1.1953,0,1
-0.5134,1.6109,2.6969,0.1578,0,1
2.5402,2.2387,3.1567,0.6513,0,1
-0.5859,2.2208,-2.5197,-2.0511,0,1
-1.6532,-0.1344,-0.7006,-0.4546,0,1
-0.8238,0.2554,1.0946,-0.7527,0,1
0.1863,2.0336,-1.5786,0.7667,0,1
-0.1206,1.9101,4.6835,0.1951,0,1
-0.6321,0.9295,-2.0422,-1.1414,0,1
-1.5345,0.6321,0.5243,-2.5811,0,1
0.1263,2.2344,2.4055,-0.9304,0,1
-0.2094,-0.4018,1.3869,-0.3418,0,1
0.2847,1.8574,1.497,-0.6356,0,1
-0.2972,1.0481,2.2027,0.8744,0,1
-0.5135,0.8214,-0.3441,-2.5013,0,1
-0.8458,1.9891,-0.6346,-0.7707,0,1
1.7549,0.3998,-0.0042,-1.7975,0,1
0.5032,0.8267,-1.8743,-1.5087,0,1
2.7747,0.2081,3.359,0.944,0,1
-1.0674,1.4213,-0.5616,-1.3042,0,1
2.6468,0.806,-1.8494,0.2223,0,1
0.3359,1.8715,1.2233,-0.579,0,1
-0.1143,0.733,-1.2957,-2.017,0,1
2.0472,2.4542,-3.4901,0.3948,0,1
0.3605,0.6754,0.4243,-2.555,0,1
0.1659,1.3265,2.0933,-1.5702,0,1
0.6394,1.8806,0.9911,-0.3945,0,1
-0.5032,1.4898,2.7625,0.1922,0,1
-1.6636,0.0012,0.7523,-0.1332,0,1
1.192,1.866,-3.5633,-1.1126,0,1
-0.2981,0.732,-0.5322,-0.458,0,1
-0.6792,1.1207,2.7802,0.1368,0,1
2.174,1.1045,-0.4506,0.4704,0,1
2.6941,1.1572,0.1506,0.834,0,1
1.5293,-0.2514,-2.4921,-0.8385,0,1
-0.321,0.9312,-0.3108,-0.6266,0,1
-1.2582,0.4541,-2.6935,-0.3579,0,1
-0.5497,0.1327,-1.0579,-1.6095,0,1
1.5223,0.444,-1.024,-0.0057,0,1
3.2255,0.7057,0.8883,-0.0466,0,1
1.8834,1.4007,0.6002,-1.9054,0,1
-0.3142,2.0218,-3.0063,-0.3328,0,1
0.9803,0.6289,3.2844,-1.9148,0,1
-1.4297,0.6519,2.2336,-1.1745,0,1
0.9993,1.9253,0.9163,-1.693,0,1
-1.7543,0.493,1.9023,-0.6232,0,1
-1.2496,1.3045,0.8359,-1.9042,0,1
2.4547,1.2345,-1.5948,-0.6721,0,1
-0.3196,1.4597,-0.0824,-1.3347,0,1
-0.3811,1.4346,-0.3873,-0.7596,0,1
-1.6105,0.7098,2.1988,-2.382,0,1
-0.4541,0.3423,-2.1716,-1.9564,0,1
-1.3433,0.1964,2.0943,-0.5788,0,1
-1.1084,-0.2118,-1.7752,-2.1799,0,1
0.0074,2.0216,-0.8462,1.8877,0,1
-0.6434,0.3292,-0.2489,-1.7427,0,1
-0.1913,1.0719,-1.9276,-1.6117,0,1
1.0209,0.5003,-1.7028,-1.5779,0,1
-0.8769,1.0582,-3.6761,0.6407,0,1
1.1234,2.2849,-0.6045,-1.4241,0,1
0.5629,1.8821,-2.2145,-0.0102,0,1
-0.0316,0.7157,2.4079,-2.3503,0,1
-0.226,0.7587,-0.73,-0.1986,0,1
-3.6276,-1.6774,0.3223,-2.7515,0,1
1.8011,1.103,-3.2447,-1.43,0,1
1.5907,0.3018,-0.341,-2.4764,0,1
-0.4254,1.9107,-1.2317,-0.8201,0,1
1.094,1.0128,1.4086,-2.0772,0,1
-1.7221,0.1546,0.78,-0.5962,0,1
-0.9235,0.7328,-3.0761,-0.7001,0,1
-0.8595,0.8381,1.6169,-2.2364,0,1
1.0929,0.3623,2.0464,-1.9064,0,1
0.3142,0.9369,0.2926,-1.3643,0,1
1.3893,0.8077,0.1167,-1.4645,0,1
-0.8628,0.4651,4.4298,-1.056,0,1
0.964,0.2647,-3.1996,-2.2985,0,1
-2.5188,0.8232,4.0153,0.1733,0,1
0.5102,1.9965,2.3607,-0.1469,0,1
3.6587,1.4085,-0.1414,-1.3788,0,1
0.1879,2.2571,-2.6368,-2.084,0,1
1.6744,0.0914,-0.1341,-1.2561,0,1
0.3614,2.6876,0.6677,0.1667,0,1
1.2544,1.7004,0.2257,-2.5984,0,1
-0.7393,-0.1673,-1.5865,-0.6517,0,1
-1.0429,-0.8685,-2.4846,1.1486,0,1
0.851,0.94,-0.1502,-0.6427,0,1
-0.3652,1.4932,1.2495,-0.786,0,1
-0.3282,0.7759,-0.7628,-1.0024,0,1
-0.1359,2.6943,0.2504,-0.4713,0,1
1.912,1.0106,-3.6062,-1.6171,0,1
-0.3904,1.776,1.1503,0.1506,0,1
-0.4068,-0.6894,2.9836,-1.5341,0,1
-0.0071,2.2242,0.3075,-2.1262,0,1
2.9239,3.1525,-2.9777,-1.7659,0,1
0.9275,1.2968,3.5512,0.6602,0,1
-1.2227,0.8262,-2.2301,-2.0152,0,1
1.0644,-0.6268,-0.0353,-1.7855,0,1
-0.1127,2.3418,3.7246,-0.2194,0,1
1.172,2.6049,-1.2892,-1.0013,0,1
1.2703,1.7193,0.6878,-1.2769,0,1
0.9917,-1.1723,-2.9943,-1.3849,0,1
1.8638,0.5376,-2.4216,-1.5833,0,1
3.1268,1.4817,2.901,-0.7512,0,1
0.618,1.8175,0.6677,-1.7858,0,1
-1.4195,1.1679,0.8171,-0.616,0,1
-0.6439,0.1452,-3.0665,-0.5215,0,1
-1.9445,0.5338,-2.8668,-1.2265,0,1
-0.3824,0.9003,1.1212,-1.4703,0,1
1.1971,0.711,-1.7128,-1.7091,0,1
1.4833,0.6151,3.3881,-1.0578,0,1
0.8805,1.4906,-0.9095,-0.9846,0,1
-1.541,-0.324,0.9201,-2.2661,0,1
0.8096,2.0289,1.7992,-1.1074,0,1
0.4522,0.5706,1.9066,-1.6617,0,1
0.2215,1.4709,-2.1859,-1.2223,0,1
2.0664,2.1729,1.7563,0.7393,0,1
-0.7598,-0.4788,-1.3496,-2.555,0,1
-0.6706,-0.0914,1.0794,-1.643,0,1
1.8197,1.1506,2.3588,-2.409,0,1
1.0317,1.5293,-0.1023,-3.3597,0,1
-0.7453,1.8085,-0.2533,0.4667,0,1
-0.689,0.8192,-1.0164,-2.4504,0,1
1.8948,1.4907,0.7677,0.0174,0,1
-1.7838,0.6472,1.7326,-1.6212,0,1
1.6176,1.6803,-1.3277,-1.8323,0,1
-1.4119,0.2941,-3.0405,0.2334,0,1
-1.9774,0.7155,-2.3533,-1.2603,0,1
1.7869,1.3932,1.0284,0.3145,0,1
1.4882,1.0408,-0.4598,-1.2945,0,1
0.1622,-0.6552,0.9788,-0.9653,0,1
-2.926,1.2089,-3.0626,-0.7319,0,1
1.7487,0.1557,-1.2124,-3.3663,0,1
-1.3479,-0.3867,-2.9455,-2.2964,0,1
0.9359,1.952,3.4053,1.2056,0,1
-0.9307,2.8324,2.3818,-1.9946,0,1
0.856,-1.4936,-2.3781,0.8741,0,1
-1.0964,1.8515,-0.08,-2.1336,0,1
2.3477,3.2239,0.9776,-0.9195,0,1
-0.0305,-0.1277,-1.5634,0.2536,0,1
0.3234,-0.099,-3.0418,-1.3465,0,1
-1.9858,1.4571,-0.9354,-0.214,0,1
-1.1585,1.4072,-2.9858,-0.6766,0,1
0.2914,-0.0763,-0.6847,-0.4319,0,1
0.9516,2.9859,-1.5169,-2.0982,0,1
-1.9185,-0.4365,-1.31,-0.0622,0,1
-1.1723,2.1266,1.3862,-1.0279,0,1
-1.1727,1.4534,0.3351,-2.5481,0,1
0.2128,2.1421,-0.8807,-0.0222,0,1
1.4845,1.3817,2.0602,-1.409,0,1
1.0082,1.7683,1.0577,-1.2283,0,1
2.6405,1.3703,-0.5134,-0.4525,0,1
-0.375,1.2009,0.0522,-2.3409,0,1
1.3326,1.184,-2.1755,0.4634,0,1
-0.4752,1.0632,1.7024,-1.7325,0,1
-1.1297,-0.7532,3.6993,-1.9268,0,1
2.1375,1.8697,-0.1037,-2.2871,0,1
0.1502,0.5006,2.7311,-1.9341,0,1
-1.4281,1.8853,-2.1297,-1.2543,0,1
-0.5438,1.3247,0.2281,-1.6822,0,1
1.5308,0.049,-1.019,-1.2361,0,1
0.9448,-0.3966,-0.4606,1.0844,0,1
1.3903,1.5969,-1.6369,-1.8357,0,1
2.0189,2.6703,0.6204,-1.8087,0,1
-3.6588,0.1321,-1.0947,-2.021,0,1
2.2853,1.1912,0.58,-0.7595,0,1
0.4529,-0.3535,3.4522,-0.0091,0,1
-2.4756,0.5849,2.704,-1.2459,0,1
-1.8135,0.9798,-0.8528,-1.904,0,1
1.2468,1.8408,-1.7273,-0.9409,0,1
1.0265,0.3601,0.5778,-2.1482,0,1
-1.1095,0.774,-3.9339,-1.4451,0,1
-1.3733,1.4727,-1.667,-0.9178,0,1
-0.849,-0.196,-3.3925,-1.6332,0,1
-1.0567,1.3136,-5.0891,0.2241,0,1
1.5923,2.7244,0.2217,-2.5475,0,1
-2.4673,-1.0982,2.5734,-2.3723,0,1
0.9853,1.4501,-1.1227,-0.2499,0,1
1.6209,1.5375,2.365,-1.1536,0,1
-0.8079,1.2749,-0.0697,0.9597,0,1
-1.6872,0.5725,-2.2079,-2.2278,0,1
1.3486,1.7385,0.9447,-3.001,0,1
0.0664,0.8108,-0.0045,-1.6368,0,1
0.3518,1.0912,0.9445,-2.022,0,1
-4.1752,-2.6384,-1.7338,-0.8889,0,1
-0.0137,-0.0994,3.8889,-0.2413,0,1
-0.8342,1.7095,2.5918,0.2589,0,1
0.4044,1.8092,-0.4521,-1.0886,0,1
-0.4613,0.727,2.3644,-1.0098,0,1
-0.4907,1.4895,2.1414,-0.5845,0,1
1.218,2.8512,0.8558,-2.7221,0,1
2.7773,2.7844,-1.3608,-1.8648,0,1
-1.6338,1.1964,1.2159,-2.0819,0,1
-0.1025,2.3914,-0.3851,-1.1979,0,1
3.6936,0.7937,-1.195,-1.1338,0,1
-0.4446,0.1416,0.6784,-0.2276,0,1
0.5189,3.4181,0.5373,-1.2641,0,1
1.3433,0.7346,0.5581,-1.939,0,1
0.1604,0.4762,-0.3186,-0.9304,0,1
-3.1156,-0.3463,-0.7449,-1.927,0,1
1.1396,0.0235,-0.0999,-0.4204,0,1
-1.1996,0.1636,2.2674,-1.2806,0,1
-1.9291,1.4605,-2.4192,-1.3851,0,1
0.4966,2.7241,0.6786,-1.5157,0,1
2.1757,1.5115,-0.0255,-2.1168,0,1
1.4071,1.5936,1.7117,-1.0635,0,1
1.256,1.9006,0.4338,-1.7818,0,1
-2.8261,-0.6202,-2.9494,-1.2196,0,1
0.9741,1.8528,0.7002,0.089,0,1
0.3224,2.0408,-1.0323,-0.0752,0,1
-3.0397,0.5691,-1.9803,-1.0664,0,1
1.1121,0.6263,-1.649,-2.5558,0,1
1.2251,0.9278,0.6498,-2.0742,0,1
2.9896,0.3494,-0.3076,-2.6929,0,1
-0.5063,0.2085,-0.6347,-0.1915,0,1
0.5054,0.1376,-0.1429,-0.5062,0,1
-2.0096,-0.0339,-0.9965,-0.5518,0,1
0.8709,1.7334,-1.2115,-1.3325,0,1
-2.3472,0.4032,-1.7438,0.5857,0,1
-1.9349,0.0894,-0.043,-3.4471,0,1
0.2622,1.5298,3.4882,-0.4119,0,1
-1.9922,1.0969,-0.0132,-1.7972,0,1
-0.1255,-0.5314,-0.7923,-1.1159,0,1
1.8484,0.3031,0.4871,-3.5825,0,1
-0.3945,0.0881,-0.9528,-1.24,0,1
-2.7792,-0.4786,-0.0303,-1.6454,0,1
-2.4339,-0.174,-0.229,-0.8242,0,1
2.7126,1.8725,-0.5201,-2.8381,0,1
0.0014,-1.0766,0.4773,-1.6068,0,1
2.0981,2.1885,2.1908,-0.4069,0,1
2.5882,1.9788,1.9785,-0.7504,0,1
1.9224,2.2486,-0.2201,-0.6533,0,1
3.5006,2.6463,-1.328,-1.1522,0,1
0.6557,0.7694,-3.0947,-1.449,0,1
1.0957,0.5215,-0.4327,-1.4396,0,1
-0.0895,0.0453,-1.1646,-0.3386,0,1
0.662,2.7353,-2.2113,-0.4984,0,1
-1.8465,0.2471,0.5658,-2.8896,0,1
-1.7221,0.3871,1.4296,-0.9021,0,1
0.0847,0.7863,0.4603,-1.2509,0,1
-0.0795,1.2327,-1.2057,0.448,0,1
1.0665,-0.2188,-1.2061,-0.7644,0,1
0.5047,1.5199,-2.3104,-2.3038,0,1
1.2029,1.6674,-2.0802,0.21,0,1
2.4963,1.699,-0.2137,1.3055,0,1
-0.3085,1.3698,-3.6335,-0.1367,0,1
-1.2385,-0.6452,2.2816,-0.4494,0,1
0.3073,2.562,-0.0329,-1.019,0,1
-2.528,0.3261,0.5696,-0.7855,0,1
-0.1514,-0.0575,1.0487,-1.3395,0,1
-0.8183,-1.3414,-2.7476,-0.116,0,1
1.9994,0.1826,3.1517,-1.4094,0,1
1.397,1.7828,-3.2481,-1.2067,0,1
2.8607,2.2714,0.6914,-1.4188,0,1
0.9519,2.3468,-3.8621,-1.3341,0,1
0.8761,1.3278,0.2787,-1.5815,0,1
-0.8077,1.9532,0.4305,-1.6015,0,1
-1.1246,1.5617,0.8005,-1.7229,0,1
1.2958,0.5934,-4.6383,0.295,0,1
-0.5335,1.218,0.8788,-1.1087,0,1
1.245,1.087,-0.7759,-0.8344,0,1
-0.4803,0.7459,0.5164,-0.7807,0,1
-0.0985,0.3698,-0.3144,-0.6212,0,1
-1.9803,1.5029,1.5239,0.3,0,1
-1.7343,0.2504,0.7885,-0.2369,0,1
0.9519,2.458,-1.2274,-0.1802,0,1
-0.4264,0.9213,-1.1933,-1.4326,0,1
1.234,0.7615,0.6502,-0.1964,0,1
-2.8695,-1.0803,1.3083,0.0559,0,1
0.2983,-1.6162,-3.9825,-0.7754,0,1
0.5634,-0.7857,0.3438,-1.1485,0,1
-1.0695,-0.066,-0.9309,-3.5381,0,1
1.6893,1.3035,-2.4215,-1.4943,0,1
2.2498,3.0823,-2.3191,-2.1796,0,1
1.4042,0.5029,-1.6976,-1.0872,0,1
-0.6564,0.6737,3.2066,-1.7686,0,1
-0.5101,0.8087,0.94,-1.3253,0,1
-0.1243,1.7569,1.3442,-0.4945,0,1
-0.8353,1.749,2.991,0.7625,0,1
-0.4334,0.8377,-0.7804,-1.9224,0,1
0.1067,2.4848,1.0799,-1.347,0,1
-0.9983,1.0326,-0.5418,-1.8773,0,1
0.1896,0.4145,-0.7617,-0.5079,0,1
-0.111,0.0029,-0.4846,-1.5812,0,1
2.0959,1.038,0.753,-1.0369,0,1
-0.0889,0.104,2.3441,-3.5879,0,1
1.021,1.5293,0.2313,-0.5416,0,1
0.6762,0.7925,1.1761,-0.7521,0,1
0.4113,-0.0508,-1.255,-0.7642,0,1
-0.7744,-0.0519,3.9491,-1.7909,0,1
1.1786,2.5652,-1.9231,-2.63,0,1
-0.8223,-0.5754,0.3745,-0.5457,0,1
-0.0582,1.2501,1.5558,-1.3097,0,1
1.5276,1.9857,1.029,-0.4539,0,1
-0.0313,0.931,-1.0514,-1.5294,0,1
-1.2327,2.2784,2.5699,0.6908,0,1
-1.2381,0.4269,-0.5382,0.8719,0,1
-0.6701,0.3416,-1.2406,-2.5892,0,1
-0.1662,2.0741,3.0926,-0.2446,0,1
-1.0864,1.3193,4.3669,-1.3142,0,1
-1.1689,-0.3506,1.7963,-1.8226,0,1
2.0258,1.0453,-2.48,-0.0169,0,1
0.4552,1.3697,0.6395,-2.0263,0,1
2.6725,1.0091,3.6941,-1.5629,0,1
0.8056,1.5674,2.2774,0.1806,0,1
-0.8965,0.9493,-1.721,-2.0655,0,1
1.0278,1.1787,0.8564,-1.8834,0,1
-0.2764,-0.9074,-0.5262,0.5981,0,1
0.1318,1.2248,-1.7354,-1.0895,0,1
-0.0074,0.4929,0.9656,-0.4314,0,1
-0.3788,-0.0078,1.6778,1.4093,0,1
1.5791,1.7258,-1.1411,-1.9428,0,1
2.4809,3.3349,-1.4638,-2.7904,0,1
0.5693,1.3297,2.1357,-2.5204,0,1
1.6797,0.6642,0.3333,0.5156,0,1
0.7401,2.8952,0.8648,-0.4605,0,1
-0.9578,0.6369,-1.9319,0.5608,0,1
0.7802,1.8322,0.9922,-2.3447,0,1
1.1394,1.0263,0.877,0.6567,0,1
-0.3693,-0.5359,2.6939,-0.8317,0,1
2.1108,1.8866,-0.6519,-3.3153,0,1
1.036,-0.264,-0.5027,0.2212,0,1
-2.6202,1.5215,0.949,0.6103,0,1
-1.667,1.0487,-0.2421,-1.8442,0,1
1.1469,2.6335,-0.0362,-1.2919,0,1
0.7356,1.1926,-1.0818,-1.6422,0,1
-1.796,-0.1297,1.1457,-1.6395,0,1
0.9392,2.5816,-2.4818,-1.5855,0,1
-0.592,2.3976,-1.1654,-1.877,0,1
-0.4693,-1.2826,0.5702,-0.6103,0,1
-2.7372,0.4512,-0.3335,-0.46,0,1
-0.967,1.6564,0.9905,0.1992,0,1
0.7578,0.4853,-0.053,1.0594,0,1
1.0805,0.7777,-3.0646,0.4719,0,1
-1.5027,0.2926,-1.9092,-1.6,0,1
1.3216,2.7399,0.4085,-0.6104,0,1
-1.7354,0.0613,1.5818,2.6738,0,1
-1.6171,1.3191,4.6856,-3.0167,0,1
0.0712,2.6149,1.5118,-1.2171,0,1
-0.2863,-0.1761,-0.5269,-0.3,0,1
-0.5088,0.2415,-2.2741,-1.5243,0,1
-0.2083,1.1083,0.6454,-1.0131,0,1
-1.5621,0.1365,-0.7415,-1.219,0,1
-2.4877,-0.3206,0.3636,-3.1114,0,1
0.3912,0.7631,-0.7001,-0.0224,0,1
-0.3686,0.2246,-0.114,-0.4343,0,1
1.1081,2.2986,0.253,-0.5236,0,1
-0.3322,1.2918,-0.8499,-1.6587,0,1
1.1637,2.4579,-0.0684,-0.2233,0,1
0.3434,2.7183,-0.0971,-1.8497,0,1
-1.7063,-0.3409,0.5202,-1.8028,0,1
-2.4774,0.186,-1.4783,-1.3718,0,1
0.6395,-0.255,0.41,-0.1934,0,1
0.0322,2.6811,2.0138,-1.6937,0,1
1.6694,0.4034,-2.1054,-0.334,0,1
-1.2507,0.4905,0.8509,-1.3138,0,1
0.5848,1.3312,-3.2472,-0.3175,0,1
-2.3667,-0.3843,-0.0954,0.2326,0,1
1.6265,-2.0087,-1.2859,-2.9922,0,1
-0.3232,0.5334,-1.172,-2.0723,0,1
-0.4204,1.555,-0.663,-1.4433,0,1
0.6677,1.9859,-3.2768,-0.6742,0,1
0.8114,0.4836,0.4995,-2.5691,0,1
0.9391,0.7428,-1.8103,-3.165,0,1
-0.8937,-1.0368,-0.7867,-1.1015,0,1
-1.531,0.7957,0.0916,-0.6989,0,1
0.2624,0.6609,-2.4072,0.0864,0,1
-0.4862,0.7007,2.0317,-2.4502,0,1
-1.635,-0.1219,-1.169,-0.7829,0,1
0.2852,0.5605,-0.8307,-1.9506,0,1
-1.6565,1.4353,1.2729,-2.2632,0,1
0.0945,2.4108,1.6915,-0.893,0,1
-0.6203,1.2372,-0.2533,-1.496,0,1
2.2039,2.1475,2.0254,-2.1877,0,1
-0.5444,1.1805,3.732,-2.7472,0,1
-0.2115,0.6644,0.6988,-0.265,0,1
1.6034,1.3312,1.896,-1.0026,0,1
-1.3397,1.2414,-0.3751,-0.0689,0,1
-0.2836,-0.1913,-1.821,-0.5004,0,1
-1.314,0.3605,-1.3387,-1.9585,0,1
-0.3705,0.5528,-0.9894,-0.8399,0,1
0.6012,0.0133,2.511,-1.5103,0,1
-1.1318,1.9713,2.6676,-2.3684,0,1
-0.9508,1.7658,-0.4744,-0.9527,0,1
0.9477,3.2773,0.8372,-0.8202,0,1
-0.8852,-0.8009,-1.7196,-1.9413,0,1
1.2175,3.6691,4.5235,-0.4061,0,1
0.6914,1.0628,-3.3292,-1.7643,0,1
1.5845,1.4246,-1.9031,-1.3086,0,1
2.1462,1.1947,1.4353,-0.1785,0,1
-1.3119,0.7127,-0.1654,-0.4928,0,1
-0.0379,0.6893,1.2646,-1.1024,0,1
1.181,2.9174,0.3382,-2.4632,0,1
0.9538,1.1763,0.3373,-0.2793,0,1
-1.881,-0.1819,0.0847,-0.3873,0,1
-1.6196,0.8233,3.2016,-1.0517,0,1
-0.6226,0.7128,0.3533,-1.0648,0,1
-0.2977,0.7521,-0.2577,0.9529,0,1
0.8002,1.6735,-1.9406,-2.343,0,1
-0.7398,0.757,4.6935,-1.0798,0,1
1.0477,1.3781,-0.8954,-1.7532,0,1
-0.286,-0.3883,0.2493,-1.1001,0,1
3.0497,0.6355,1.7975,-1.6724,0,1
0.4523,-0.2578,1.2209,1.2049,0,1
-1.5719,0.4642,-0.6999,-0.8113,0,1
-0.3716,-0.3044,2.6686,0.7153,0,1
-0.702,1.9763,-1.0856,-1.3884,0,1
-0.5055,-0.2651,-1.4996,-0.4779,0,1
0.1822,1.2839,-0.6175,-0.4264,0,1
-1.8896,1.4649,-0.4589,-0.6257,0,1
0.3251,0.7104,1.505,-0.8911,0,1
1.2204,0.8131,-0.9764,-0.8714,0,1
-3.1293,-0.1241,0.0924,-0.4741,0,1
1.5996,3.0086,-1.9284,-1.1995,0,1
0.8458,-0.0243,4.0298,-2.2909,0,1
-0.1715,1.274,3.501,-1.1191,0,1
-0.606,-0.1487,-0.4857,-0.4371,0,1
0.0974,1.6982,-0.1668,-1.021,0,1
-0.2769,0.5139,1.3322,-2.898,0,1
-2.4592,0.6639,-3.763,-0.3405,0,1
0.3731,1.2629,-2.4953,0.5056,0,1
-0.8223,0.2665,1.1742,-0.5732,0,1
1.0153,1.3714,-1.2284,-1.4121,0,1
-1.3785,1.4188,-0.9749,-0.096,0,1
1.1998,1.6538,-2.1953,-2.9801,0,1
-0.8504,3.0789,1.347,-2.3837,0,1
-0.2507,2.6329,0.8444,-1.8841,0,1
1.8703,1.3337,2.437,-1.2385,0,1
0.4464,0.8931,-1.3364,0.2887,0,1
-0.1605,1.1406,-2.1595,-0.4332,0,1
0.569,0.9601,-0.5333,-1.8706,0,1
-3.2983,-1.5809,-2.1198,-0.7442,1,0
-1.8293,-1.5715,-5.232,-1.6529,1,0
-2.1614,0.3722,0.3046,-0.2403,1,0
-4.1748,-2.7283,-0.2829,-0.7448,1,0
-0.4897,-3.2283,-1.8234,0.6817,1,0
-1.2963,-2.9095,-2.0201,0.0777,1,0
-2.9584,-2.263,-2.813,-1.3872,1,0
-2.4072,-4.3932,-2.6309,-0.3611,1,0
-2.6682,-4.006,0.8133,0.4076,1,0
-1.7584,-3.6204,-3.8468,-0.3326,1,0
-2.322,-1.0059,-0.81,-0.0353,1,0
-2.2312,-2.6279,-1.4315,-0.3654,1,0
-0.8665,-4.4747,-1.7556,1.7288,1,0
-4.3377,-1.849,0.8271,-1.1703,1,0
-3.8964,-3.2673,-2.9374,-2.6006,1,0
-3.3042,-0.4452,0.0689,-1.521,1,0
-2.0715,-2.9064,-1.6646,-0.6648,1,0
-3.9163,-2.5624,-1.6917,-2.4525,1,0
-4.7775,-4.0108,-3.4012,-2.0821,1,0
0.375,-1.5627,-2.2772,-0.1501,1,0
-2.8983,-3.118,-4.9643,-1.4196,1,0
-2.8221,-3.2506,-2.9509,-1.3665,1,0
-4.4947,-0.9392,4.1178,-1.7897,1,0
-5.0465,-3.2252,0.565,-1.1675,1,0
-2.732,-1.3881,-2.4945,-0.8055,1,0
-2.3947,-0.1913,0.4561,-0.5602,1,0
-4.7815,-1.6222,2.1378,-0.6669,1,0
-1.6744,-3.3177,-2.3666,-0.4569,1,0
-3.3356,-1.1896,-2.6802,-1.0765,1,0
-3.3354,-4.0008,-2.764,-2.0844,1,0
-2.9442,-3.7513,-1.2613,-0.4924,1,0
-6.1899,-3.1288,-0.9843,-3.4015,1,0
-1.6182,-3.8695,2.0007,-0.1561,1,0
-3.646,-1.082,-3.4665,-2.9339,1,0
-4.42,-6.0948,-0.1557,-0.9967,1,0
-0.8053,-5.6752,-3.905,-0.2079,1,0
-2.2873,-1.6951,-3.374,-0.828,1,0
-3.472,-1.3159,-1.1352,-2.4842,1,0
-2.7439,-0.9837,-3.5222,-1.395,1,0
-5.3528,-1.6695,-0.8804,-3.5722,1,0
-3.8579,-2.9882,0.8246,-1.7433,1,0
-4.428,-3.6251,0.8616,-1.4456,1,0
-3.0041,-1.2616,-1.991,-0.7416,1,0
-4.0926,-3.1988,-1.2011,-1.8848,1,0
-1.4808,-0.0322,-2.1759,-1.1793,1,0
-2.3256,-3.3633,-2.8867,-1.3329,1,0
-2.7029,-1.5347,-1.1017,-1.101,1,0
-4.9343,-2.6238,0.3446,-2.794,1,0
-3.6466,-1.7762,-3.5052,-2.9374,1,0
-3.1286,0.762,0.8559,-2.0158,1,0
-3.4333,-2.2596,-1.7137,-1.9099,1,0
-2.4808,0.2025,-1.8944,-1.3029,1,0
-0.1791,-0.7653,-1.836,0.1821,1,0
-2.3943,-0.599,1.8372,-0.8438,1,0
-2.0881,-3.5959,-1.3371,-1.4783,1,0
-1.9606,0.9092,1.126,0.8799,1,0
-2.5364,-3.9956,1.501,0.0742,1,0
-4.3876,-1.87,-1.1909,-1.8316,1,0
-5.598,-1.4853,-1.5074,-3.2012,1,0
-2.3057,-3.5431,-2.0087,-0.4239,1,0
-3.3645,-1.4903,0.1767,-1.4586,1,0
-2.4698,0.9296,-0.6399,-1.2901,1,0
-3.3763,-2.0853,0.0847,-2.0189,1,0
-4.4135,-3.5581,-0.985,-1.57,1,0
-3.16,-0.9219,-4.8409,-1.614,1,0
-2.2629,-1.4197,0.1371,-0.1214,1,0
-2.5066,-0.2153,-0.8704,-0.0783,1,0
-4.3372,-1.8908,0.1174,-2.588,1,0
-5.5119,-3.9648,-3.0428,-4.8782,1,0
-2.6358,-3.7798,-5.4436,-1.3175,1,0
-3.2531,-2.2977,-1.5263,-0.2395,1,0
-1.9704,-2.0393,-4.5194,-1.6347,1,0
0.2611,-0.2911,-4.7325,0.1245,1,0
-3.4931,-2.1976,2.4381,-1.5591,1,0
-5.057,-2.018,-0.9313,-2.1418,1,0
-3.4903,-2.6316,-2.5788,-1.3471,1,0
-3.3293,0.6557,0.0695,-2.0104,1,0
-0.6934,-2.5866,-6.623,-1.2232,1,0
-4.2786,-1.6176,1.2234,-1.5914,1,0
-3.5441,-4.5627,-1.0709,-1.2508,1,0
-1.1304,-2.692,-3.455,-0.9526,1,0
-3.4921,-2.1279,-3.1356,-0.9085,1,0
-1.7306,-1.9978,-2.6432,-0.9814,1,0
-2.5539,-1.0708,-4.4,-1.7004,1,0
-3.2449,-3.6602,0.025,-0.7437,1,0
-3.213,-1.7703,-0.359,-1.9684,1,0
-2.1956,-2.1145,-0.4559,0.6387,1,0
-3.5405,-1.5736,1.3632,-0.6382,1,0
-0.8062,-0.1987,-5.4262,0.6698,1,0
-3.5418,-2.5134,-0.3045,-1.7612,1,0
-2.671,1.1492,0.7704,0.1184,1,0
-1.8254,-1.8057,-2.3596,-1.0051,1,0
-3.5903,-2.6134,0.8746,-0.7598,1,0
-2.7766,1.9067,2.7012,-0.9363,1,0
-2.4817,-3.6528,-0.6989,-0.0104,1,0
-1.6639,-3.3144,-2.9454,-0.4923,1,0
-1.7867,-1.3871,-2.1511,-0.9043,1,0
-2.016,-2.0393,-4.6289,-1.6052,1,0
-4.4047,-2.2558,-2.673,-2.1385,1,0
-3.3445,-0.066,3.3099,-0.7783,1,0
-3.6803,-1.3902,-0.7722,-1.4156,1,0
-2.3214,-2.2238,-4.7106,-1.6119,1,0
-2.1937,0.6716,-0.9114,-0.2045,1,0
-1.673,1.0429,-1.6739,0.0578,1,0
-4.0174,-0.3046,1.6656,-0.0338,1,0
-3.44,-1.6401,-0.9005,-1.3849,1,0
-5.3751,-0.8798,1.3796,-2.2886,1,0
-4.1825,-2.549,0.2417,-1.0448,1,0
-3.1226,0.0453,-0.2491,-0.3631,1,0
-1.1343,0.0221,-2.0535,0.9599,1,0
-1.2259,-2.2959,-0.875,0.6021,1,0
-4.0276,-0.1317,2.1213,-2.0726,1,0
-1.0224,-3.866,-4.0964,0.4974,1,0
-3.0066,-3.7449,-3.6412,-1.5457,1,0
-1.3186,-2.5337,-1.3621,-0.1636,1,0
-3.5491,-3.205,-3.6243,-1.985,1,0
-2.9753,-3.7853,-1.5941,-1.4522,1,0
-2.2243,0.0882,0.984,0.2749,1,0
-2.8719,-2.4013,-0.7062,-1.1996,1,0
-3.1757,-1.7158,-0.6696,-1.5003,1,0
-2.8413,-5.051,-3.0157,-1.2029,1,0
-4.4216,-2.3959,1.6945,-1.0226,1,0
-3.4176,-3.0881,-3.8527,-1.634,1,0
-4.9109,-3.1379,1.1787,-1.1951,1,0
-3.3465,1.44,-1.3257,-2.4892,1,0
-3.7319,-3.0288,-0.5635,-1.0061,1,0
-3.792,-1.9377,1.4187,-1.1278,1,0
-3.3516,-1.522,1.2239,-0.1654,1,0
-5.431,0.7818,2.1261,-2.6897,1,0
-1.7575,-1.5522,0.2634,-0.4515,1,0
-3.3262,0.2569,1.1853,-1.4861,1,0
-1.8472,-4.4029,-3.0389,-0.1319,1,0
-3.7638,-1.0084,-0.6682,-1.5003,1,0
-6.1971,-5.8482,-1.4644,-2.0653,1,0
-3.2515,-0.3391,3.0681,-0.0244,1,0
-2.3579,-2.7647,0.2142,0.783,1,0
-3.2735,-1.4058,0.3702,-1.7179,1,0
-1.5204,-3.1898,-1.8612,0.3273,1,0
-4.2374,-2.7533,-2.4539,-2.026,1,0
-5.1129,-0.9002,2.0689,-2.0381,1,0
-2.6206,-4.3213,-2.3177,-0.8553,1,0
-1.6685,-3.3433,-2.7651,0.4874,1,0
-2.6538,-2.3614,-1.1081,-0.5942,1,0
-2.1731,-1.9339,-0.7352,0.1778,1,0
-1.8484,-4.2708,-6.0777,-0.9099,1,0
-4.04,-1.7201,3.1862,-0.036,1,0
-3.0171,-3.5272,-6.4037,-2.6464,1,0
-1.236,-1.7227,-3.7842,-0.9564,1,0
-0.6406,-0.6698,-0.0676,1.4952,1,0
-3.0727,-1.8385,2.6992,-1.0486,1,0
-2.5977,-1.5745,-0.6483,0.4262,1,0
-1.7157,-0.709,-1.9712,-1.5442,1,0
-1.4273,-3.1056,-0.1517,0.3412,1,0
-4.9043,-1.4671,0.2679,-1.5456,1,0
-6.2717,0.5359,0.1949,-2.4077,1,0
-2.6889,-1.2016,-0.9032,-0.5745,1,0
-2.402,-2.3833,-2.4506,-1.3007,1,0
-3.6606,-1.8685,-0.2424,-1.2561,1,0
-2.0495,-1.4201,-1.261,-1.6741,1,0
-3.3651,-0.3494,3.5599,0.1043,1,0
-2.4822,-1.3554,-2.7622,-1.7701,1,0
-2.8276,-4.1172,-4.3818,-0.3094,1,0
-1.8939,-3.1485,-0.5631,-0.809,1,0
-1.1789,-0.0612,3.46,0.4099,1,0
-1.0612,-1.2607,-5.5654,-0.6928,1,0
-4.5824,-2.7176,1.7654,-1.6369,1,0
-3.2296,-2.5126,-0.7055,0.4095,1,0
-0.7657,-2.5784,-5.2805,-1.2674,1,0
-1.9256,-0.784,0.8714,-0.7439,1,0
-1.475,-1.9166,-1.3155,-0.1258,1,0
-4.9928,-1.0113,2.2547,-0.0177,1,0
-3.1627,-0.8633,2.1453,0.3096,1,0
0.3146,-1.4643,-3.8011,1.2276,1,0
-1.6931,-2.7112,-1.1141,-0.3863,1,0
-3.4295,-2.5385,-2.264,-2.0504,1,0
-5.3415,-0.6633,1.9052,-1.7814,1,0
-5.6174,-2.0017,1.9216,-2.442,1,0
-2.6867,-3.1142,-2.0745,-0.9137,1,0
-3.1003,-1.5514,1.3622,-0.0458,1,0
-0.8736,-2.8017,-4.5699,0.5086,1,0
-2.6035,-1.1751,0.2067,-0.6378,1,0
-4.0173,-4.5081,-1.8343,-1.1079,1,0
-1.0949,-2.3539,-2.6373,-0.4456,1,0
-2.0216,-3.2943,-2.7864,-0.1064,1,0
-3.5084,-1.2042,1.638,-1.1309,1,0
-0.6876,0.1422,-3.3088,-0.3778,1,0
-4.6073,-3.5717,0.8982,-0.6979,1,0
-3.4357,-3.5168,-2.1573,-0.8084,1,0
-0.5326,-3.5753,-2.6181,1.0262,1,0
-1.6466,-3.8786,0.5287,0.4975,1,0
-3.3516,-0.6214,-1.4147,-2.3073,1,0
-3.6544,-3.4168,0.7166,-0.9604,1,0
-1.4875,-0.3621,-2.0017,-0.1595,1,0
-3.3416,-4.163,-2.9161,-1.6629,1,0
-2.0762,-1.5355,1.2286,0.1016,1,0
-5.8355,-0.2168,1.4178,-2.6308,1,0
-5.2921,-2.2355,1.3989,-2.4333,1,0
-1.5544,-0.2184,-2.4701,-0.2969,1,0
-2.2652,-1.4575,-0.1287,0.0534,1,0
-3.4846,-2.4732,-2.3663,-0.398,1,0
-5.9591,-1.7695,1.8715,-3.4816,1,0
-2.5576,-3.2822,1.6166,1.1766,1,0
-5.6475,-2.9165,2.4642,-1.4055,1,0
-0.8363,-0.5606,-5.5599,-1.0772,1,0
-1.1645,-4.1802,-2.9416,-1.3821,1,0
-5.4588,0.978,0.3718,-0.8621,1,0
-2.9136,-3.5258,-0.3507,-1.4949,1,0
0.1085,-1.0144,-1.397,0.1329,1,0
-4.6507,-0.2236,-0.1024,-1.4376,1,0
-4.7541,-1.1253,2.3827,-0.7417,1,0
-4.4365,-1.6404,-0.5588,-2.8657,1,0
-4.8038,-0.9387,2.0432,-2.3545,1,0
-3.9053,-1.1344,-0.676,-0.8567,1,0
-1.6954,-1.8793,1.706,-0.571,1,0
-5.7424,-1.5213,-0.545,-2.4767,1,0
-2.3703,-2.972,-2.4831,-1.8802,1,0
-2.9296,-4.199,-0.683,-1.2377,1,0
-2.7771,-0.4135,-0.2845,-1.6214,1,0
-0.9229,-2.5453,-2.7939,0.312,1,0
-1.442,-2.1245,-1.7764,-0.2894,1,0
-1.6026,-0.0194,-0.2692,0.4069,1,0
-2.7933,-3.5482,-0.4062,-0.758,1,0
-3.3888,0.9907,0.8916,-0.9884,1,0
-2.3302,-3.6394,-2.5696,-0.8417,1,0
-2.883,-5.1356,-5.089,-0.5389,1,0
-1.0286,-2.2425,0.2108,0.7313,1,0
-1.8164,-4.0466,-3.6155,-0.0871,1,0
-4.1708,-1.9417,1.4324,-2.3175,1,0
-2.8732,-2.9988,-0.9309,-1.143,1,0
-3.1011,-1.2686,0.2909,0.2278,1,0
-3.9387,0.5939,-1.6442,-0.9209,1,0
-2.393,-1.5255,1.5248,-0.0663,1,0
-0.3899,-1.9987,-0.7029,0.3561,1,0
-5.8956,-4.3342,0.0496,-2.9729,1,0
-1.3679,-0.9509,-1.4046,0.4618,1,0
-2.2389,-2.3112,-5.4796,-0.3652,1,0
-3.4237,-4.4768,-4.284,-2.1485,1,0
-4.2418,-3.3969,0.1333,-1.9526,1,0
-2.552,-0.6011,1.2009,-0.5883,1,0
-2.3073,-3.0357,-1.033,0.3672,1,0
-5.4201,-1.4042,3.3684,-1.9763,1,0
-4.2543,-1.8021,0.6889,-2.263,1,0
-5.5805,-1.8106,2.7306,-1.4329,1,0
-5.9179,0.8661,3.9135,-2.8706,1,0
-0.6254,-2.7846,0.0551,0.3049,1,0
-4.2643,-5.7768,-3.8731,-1.3101,1,0
-2.8138,-0.2896,0.0832,-0.8762,1,0
-0.6682,-2.3253,-3.2111,0.3006,1,0
-3.7314,-0.2746,-1.9661,-2.3982,1,0
-4.9486,-3.1806,1.7368,-1.8013,1,0
-0.9493,-3.7625,-0.7246,0.6407,1,0
-2.9472,-2.648,-0.7013,-0.6569,1,0
-2.1147,-3.2666,-1.4671,-0.2664,1,0
-8.3866,-3.4558,-0.3703,-3.1907,1,0
-2.1112,-2.9027,-5.8668,-0.5947,1,0
-2.1618,-2.0235,-4.4817,-1.9263,1,0
-2.4595,-1.6393,-0.2573,-0.9378,1,0
-2.3824,-3.1902,-3.7181,-0.9634,1,0
-2.1235,-2.5876,-3.5541,-1.3597,1,0
-0.4466,-3.3692,-0.5881,0.1677,1,0
-0.7506,-0.9164,1.6391,0.6281,1,0
-3.0563,-4.3029,-1.998,-1.569,1,0
-2.3449,-1.9363,-0.2457,-1.3646,1,0
-1.5096,-0.0509,0.8699,1.4426,1,0
-3.6344,-1.7685,-2.3479,-1.3239,1,0
-0.9453,-1.9808,-0.9625,-1.0556,1,0
-1.9507,-2.6288,-1.0051,0.4055,1,0
-3.3807,-1.7899,-0.7526,-0.8335,1,0
-5.739,-4.1915,-0.3912,-2.4912,1,0
-3.1026,-0.9696,-1.1902,-0.2464,1,0
-3.1338,-3.8221,-3.6792,-1.2292,1,0
-4.8164,-2.2312,1.6719,-2.5353,1,0
-1.2642,-2.3865,-1.1183,-0.7891,1,0
-1.2243,-2.1221,-0.0182,0.783,1,0
-1.0642,-2.0593,-2.5551,0.031,1,0
-1.3815,-2.3219,-0.7534,-0.0066,1,0
-6.8598,-2.4837,1.682,-2.7734,1,0
-1.8402,-0.6269,-2.0289,-0.9001,1,0
-2.8317,-0.3708,-0.0932,-1.5204,1,0
-5.8646,-2.6709,0.715,-3.1457,1,0
-2.9974,-2.4985,1.6873,0.2627,1,0
-1.8329,-2.8353,-1.0215,0.3451,1,0
-1.4682,-2.3775,0.4907,1.8016,1,0
-4.2172,-1.2262,-0.9134,-1.5499,1,0
-3.3982,-1.3084,-1.1692,-0.6703,1,0
-5.311,-2.1462,-0.5887,-2.4009,1,0
-2.5236,-1.39,0.755,-0.5984,1,0
-5.8046,-0.7723,-0.3018,-3.273,1,0
-4.1746,-5.4694,-0.1647,-1.1122,1,0
-1.1078,-2.6101,-5.0137,-0.7742,1,0
-3.9241,-3.6877,-0.8513,-2.0443,1,0
-4.3263,-2.034,-0.3548,-0.7685,1,0
-1.6152,-4.1234,-0.1116,1.4946,1,0
-4.1504,-2.146,-0.0446,-1.0652,1,0
-5.3686,-4.0527,-1.2965,-2.2624,1,0
-5.2435,-2.9378,-1.3845,-2.4538,1,0
-0.7678,-2.3904,1.0268,1.2879,1,0
-3.9215,-3.0546,-1.5895,-0.209,1,0
-0.2314,-1.199,-3.2095,0.1484,1,0
-0.1007,-1.2761,-2.7716,0.6394,1,0
-1.3108,-0.5608,-0.4394,-0.1688,1,0
-0.5524,0.1103,1.3249,0.866,1,0
-4.0397,-0.9635,2.692,-0.6894,1,0
-2.7628,-1.8512,-0.233,-0.0261,1,0
-4.2812,-1.0007,-0.2251,-1.2349,1,0
-2.6502,-0.1069,1.5895,-1.4264,1,0
-3.8742,-5.0799,-1.0746,-1.2411,1,0
-3.7463,-3.302,-2.9775,-1.8826,1,0
-2.8257,-2.43,-1.4086,-0.7382,1,0
-3.7363,-0.0317,-0.3616,-1.8282,1,0
-3.7095,-0.9428,0.1495,-0.2308,1,0
-3.1483,-2.1402,2.3635,-0.5352,1,0
-3.0757,0.689,0.9796,-1.0776,1,0
-1.7163,1.6499,-1.4395,-0.4344,1,0
-4.7372,0.2492,2.6018,-2.0664,1,0
-3.8114,-3.0795,-4.2574,-1.3939,1,0
-1.888,-1.6916,-0.636,-1.1598,1,0
-4.6492,-3.2014,-2.2105,-2.557,1,0
-3.1939,-2.9577,-2.1958,-0.5925,1,0
-6.2849,-0.6195,1.0646,-1.6709,1,0
-0.872,-2.8915,-4.137,1.0702,1,0
-3.1186,-0.208,3.0232,-0.5462,1,0
-0.1984,-1.2979,-0.9275,0.8687,1,0
-3.277,-0.2264,3.8012,-1.0001,1,0
-2.0562,-2.2867,-0.8365,-0.2243,1,0
-2.5706,-3.041,-1.1212,-1.4775,1,0
-2.8009,-3.4992,-1.5826,-1.5057,1,0
-4.8219,1.7169,3.585,-1.0954,1,0
-2.7626,-2.6743,-1.9526,-1.2633,1,0
-2.6112,-0.9584,-0.0353,-0.3417,1,0
-3.2461,-2.2214,-1.7919,-1.2893,1,0
-3.6556,-1.599,-0.9667,-1.1051,1,0
-3.4243,-2.0848,-3.5212,-2.789,1,0
-4.2568,-2.38,-2.6274,-2.1993,1,0
-2.2828,-0.0751,0.3367,-1.1774,1,0
-3.7304,-2.1674,0.4591,-1.2353,1,0
-2.3159,-0.9117,-1.9867,-0.3591,1,0
-5.5442,-2.9399,-3.7415,-2.7024,1,0
-6.2217,-0.3446,2.8656,-0.7378,1,0
-3.5767,-2.2462,-1.5404,-0.0991,1,0
-4.1468,-4.8438,0.9555,-0.5621,1,0
-2.8168,-0.7608,2.2111,-0.0245,1,0
-1.2311,-1.0577,2.832,0.2163,1,0
-3.2293,-0.8477,1.0277,-0.1038,1,0
-1.9975,-4.4025,-4.3061,-0.68,1,0
-2.9255,-2.959,-1.9809,-1.057,1,0
-2.1225,-1.9834,-2.6203,-1.3065,1,0
-2.0659,-1.659,-5.1668,-2.0905,1,0
-3.5014,-2.8508,0.2321,-0.9762,1,0
-1.49,-2.5724,-1.7425,-1.0145,1,0
-3.6108,-3.1271,-0.0992,-1.3917,1,0
-3.6845,-1.1708,-0.4811,-1.02,1,0
-3.7622,-2.5698,-0.3663,-0.6634,1,0
-1.4356,-1.4078,-1.5108,0.5019,1,0
-2.0236,-5.7506,-2.4668,0.461,1,0
-2.0866,-1.1069,-1.247,-0.5954,1,0
-2.2695,-1.9387,-2.3633,-0.4575,1,0
-4.0047,-1.1935,0.1407,-0.7165,1,0
-2.172,-4.8576,-5.259,-0.4912,1,0
-1.8902,-2.2139,2.3776,-0.1543,1,0
-4.354,-2.2248,-2.0333,-1.3166,1,0
-2.13,-2.9385,-2.5271,-0.7919,1,0
-1.1852,-1.0588,-2.0196,-0.3045,1,0
-3.4154,-2.1481,0.4082,-0.9169,1,0
-2.1441,-1.6799,-4.629,-2.5036,1,0
-4.6808,-0.4655,-1.6151,-2.5063,1,0
-4.0036,-3.5169,0.9519,-0.8056,1,0
-1.2328,-2.4063,-4.6251,-1.3041,1,0
-1.4334,-4.5132,-5.7606,-1.1667,1,0
-3.5243,-4.2388,-2.975,-0.9258,1,0
-3.1112,0.9071,1.5405,-0.334,1,0
-2.0207,-3.0716,-1.0647,-0.297,1,0
0.2861,-2.8744,-4.4189,1.4516,1,0
-1.4312,-1.2698,-3.8896,-0.7969,1,0
-4.0854,-2.8147,1.2961,-1.367,1,0
-1.742,-2.7793,-1.3284,0.1012,1,0
-4.8766,-0.4805,-1.5911,-1.4337,1,0
-3.5371,-1.3149,1.0184,-1.133,1,0
-3.0019,-1.8602,-2.4399,-0.9984,1,0
-3.5831,-0.4658,-4.2849,-1.7804,1,0
-1.9654,-1.7359,1.0802,0.131,1,0
-0.4414,-1.8989,2.2696,0.6561,1,0
-1.2161,-4.1337,-2.4608,0.1622,1,0
-2.4065,0.136,-1.9465,-0.3582,1,0
-1.1564,-1.2441,-1.7858,-1.0655,1,0
-4.945,-0.0817,0.1551,-2.4073,1,0
-1.3326,-3.3444,-1.168,-0.0197,1,0
-2.2853,-0.133,-2.6295,-0.7992,1,0
-2.9861,-3.242,-4.3801,-0.635,1,0
-1.0639,-3.0949,1.3281,1.0554,1,0
-3.6467,-0.225,-1.1308,-0.5514,1,0
-4.0978,-1.8156,-3.1283,-3.4146,1,0
-3.8584,-3.5065,-0.5379,-1.8226,1,0
-1.3088,-1.5925,-0.3653,-0.5043,1,0
-2.8076,-1.8834,0.6521,-0.4223,1,0
-4.0752,-4.0419,-2.3976,-1.5488,1,0
-2.4799,-1.0162,2.4424,-0.8016,1,0
-2.8265,-2.5414,0.8866,-1.5154,1,0
-4.4805,-2.2946,-2.2918,-0.8632,1,0
-5.1597,-2.5825,-1.3835,-2.9632,1,0
-2.9657,-1.5101,-2.7123,-2.1672,1,0
-3.3261,0.4236,-1.9527,-1.1975,1,0
-4.1743,1.1967,1.7617,-1.1693,1,0
-5.01,-2.6022,1.0706,-1.8266,1,0
-1.0882,-0.9771,-1.1528,-0.632,1,0
-4.6218,0.286,-4.9886,-3.2239,1,0
-1.2454,-6.6331,-5.3379,-0.806,1,0
-1.2673,-2.6117,-2.2662,-1.0703,1,0
-4.2541,-1.3281,-1.015,-1.2551,1,0
-4.6484,-1.9446,1.5667,-1.22,1,0
-2.7657,-2.3511,-1.7162,-1.0845,1,0
-4.701,-2.7196,-0.4443,-1.8444,1,0
-4.6293,-5.5768,-0.931,-1.4726,1,0
-3.4307,-0.5651,-0.7014,-1.1537,1,0
-3.8482,-1.6222,-1.3448,-1.3032,1,0
-1.5646,-0.9704,-1.1322,-0.7237,1,0
-3.2533,-2.4539,0.2714,-1.1291,1,0
-1.6403,-0.489,-0.8914,-0.8818,1,0
-1.6295,-2.4897,-0.1181,-0.8485,1,0
-4.3946,-3.945,-1.6502,-1.4469,1,0
-5.4896,-2.982,0.325,-2.4965,1,0
-3.3793,-1.192,-1.9858,-0.5471,1,0
-0.9292,-3.3141,-2.5764,-0.8629,1,0
-3.4734,0.1988,1.122,-0.2508,1,0
-3.5844,-3.2755,-2.0486,-1.4941,1,0
-4.0407,0.2987,2.3848,-1.3397,1,0
-5.4914,-1.8945,-2.0868,-2.765,1,0
-4.049,-3.1685,1.1129,1.4491,1,0
-3.7649,-2.8352,0.701,-0.8162,1,0
-3.1062,-2.315,-0.0085,-1.3147,1,0
-3.536,0.0541,2.7223,-1.3002,1,0
-2.3035,-3.5201,-0.7452,0.3523,1,0
-2.9715,-3.1261,2.1654,0.3432,1,0
-5.0733,-2.419,-0.5654,-1.1699,1,0
-4.0226,-2.4261,-1.503,-2.0894,1,0
-4.3436,0.1608,1.0926,-1.46,1,0
-2.2625,-4.5586,-2.6405,-0.438,1,0
-5.1783,-2.1604,-0.2457,-2.0565,1,0
-3.2741,-2.5738,0.354,-0.4225,1,0
-2.8619,-4.4956,-1.9317,-1.5618,1,0
-1.3651,-2.3619,-2.6589,-1.1146,1,0
-3.2213,-2.658,-0.5185,-1.3046,1,0
0.0987,-2.9295,-2.1308,0.9206,1,0
-1.192,-5.5153,-4.293,-0.2724,1,0
-3.1672,-1.6523,-2.2269,-1.2738,1,0
-1.0418,-2.0132,-2.8075,0.2223,1,0
-3.9792,-1.4536,-1.1967,-2.3728,1,0
-4.7927,-1.0184,0.5112,-1.3218,1,0
-4.5345,-3.1091,0.6583,-1.5058,1,0
-3.9538,-1.6544,-0.1187,-1.3231,1,0
-2.0381,-3.3774,-3.6062,0.1362,1,0
-1.5981,-4.868,-3.2504,-1.1305,1,0
-3.3002,-2.0943,-0.4991,-1.8946,1,0
-0.7438,-1.4688,-1.4794,-0.8761,1,0
-5.1647,-2.8827,0.926,-0.9944,1,0
1.1926,-2.3501,-5.6483,-0.5198,1,0
-3.8801,-1.1459,3.1648,-0.6366,1,0
-2.6126,-0.8088,1.5527,-0.1368,1,0
-1.1873,-0.7539,-2.6576,0.2361,1,0
-4.1036,-2.0233,-1.3058,-2.035,1,0
-2.6298,-2.6634,-2.4049,-0.7624,1,0
-0.71,-2.9039,-0.1394,-0.037,1,0
-2.3463,-0.9486,-1.5665,-0.6492,1,0
-4.883,-2.3685,-1.8722,-2.2181,1,0
-2.6088,-4.0692,-4.7676,-1.6491,1,0
-3.3612,-2.5163,-1.496,-1.2828,1,0
-3.8376,-0.0407,-1.7754,-1.9511,1,0
-2.7143,-2.1801,2.0435,-0.314,1,0
-1.4796,-4.3128,-6.2882,-0.8559,1,0
-2.4111,-1.9132,0.5784,-0.1904,1,0
-3.8743,-2.4886,-1.51,-0.794,1,0
-0.5401,-2.1056,-2.2833,1.6143,1,0
-3.4182,-0.1554,-3.6054,-1.1351,1,0
-4.5737,-2.2821,-0.6373,-2.0864,1,0
-3.1774,-1.6091,-5.0834,-1.3118,1,0
-3.2104,-2.1657,0.4651,-1.6752,1,0
-4.827,-1.2302,0.1009,-1.4245,1,0
-3.1149,-1.0479,-0.5289,-1.2464,1,0
-4.081,-2.2126,-0.8645,-2.5825,1,0
-2.3463,-2.3783,-2.7209,-0.5797,1,0
-2.8723,-0.9588,0.1528,-0.3022,1,0
-5.5418,-3.0066,-2.0031,-3.0347,1,0
-1.6777,-0.4978,1.8072,-0.5483,1,0
-1.0881,-4.6865,-4.8656,0.7995,1,0
-1.3597,-3.5664,-4.7811,-0.7211,1,0
-4.3742,-1.6244,-1.0323,-1.4167,1,0
-2.5905,-1.8319,-0.6688,-1.1111,1,0
-2.4727,-4.6702,-1.6482,-0.1566,1,0
-6.4124,-0.9414,2.4192,-3.2775,1,0
-4.0408,0.7467,1.1023,-1.7059,1,0
-3.4845,-2.4762,-2.7541,-1.411,1,0
-2.6513,-1.4431,0.77,-0.3859,1,0
-4.1535,-1.2387,-0.4953,-2.5005,1,0
-2.4785,-2.5616,2.6953,0.1835,1,0
-1.3463,-4.1047,-1.5505,-1.3528,1,0
-1.5983,-3.174,-1.239,-1.1029,1,0
-0.5995,-2.3547,-3.249,0.5587,1,0
-3.6657,0.0497,-0.1235,-1.3463,1,0
-4.0784,-0.6068,1.1032,-1.6211,1,0
-2.7543,-2.4387,0.0961,-0.3235,1,0
